<?xml version="1.0" encoding="UTF-8"?>
<project-private xmlns="http://www.netbeans.org/ns/project-private/1">
    <editor-bookmarks xmlns="http://www.netbeans.org/ns/editor-bookmarks/2" lastBookmarkId="0"/>
    <open-files xmlns="http://www.netbeans.org/ns/projectui-open-files/2">
        <group>
            <file>file:/C:/Users/sala%20a/Downloads/Sustentacion%20Julian/MonicaAlvarez_SantiagoPalacios_JulianParada_BrayanGarcia_Proyecto3Entrega/ProyectoBD/src/Spotideezer/SpotideezerController.java</file>
            <file>file:/C:/Users/sala%20a/Downloads/Sustentacion%20Julian/MonicaAlvarez_SantiagoPalacios_JulianParada_BrayanGarcia_Proyecto3Entrega/ProyectoBD/src/Spotideezer/MiPerfilController.java</file>
            <file>file:/C:/Users/sala%20a/Downloads/Sustentacion%20Julian/MonicaAlvarez_SantiagoPalacios_JulianParada_BrayanGarcia_Proyecto3Entrega/ProyectoBD/src/Controladores/UsuarioJpaController.java</file>
            <file>file:/C:/Users/sala%20a/Downloads/Sustentacion%20Julian/MonicaAlvarez_SantiagoPalacios_JulianParada_BrayanGarcia_Proyecto3Entrega/ProyectoBD/src/Spotideezer/SuscribirseController.java</file>
            <file>file:/C:/Users/sala%20a/Downloads/Sustentacion%20Julian/MonicaAlvarez_SantiagoPalacios_JulianParada_BrayanGarcia_Proyecto3Entrega/ProyectoBD/src/Spotideezer/OpcionesUserController.java</file>
            <file>file:/C:/Users/sala%20a/Downloads/Sustentacion%20Julian/MonicaAlvarez_SantiagoPalacios_JulianParada_BrayanGarcia_Proyecto3Entrega/ProyectoBD/src/Entidades/Usuario.java</file>
            <file>file:/C:/Users/sala%20a/Downloads/Sustentacion%20Julian/MonicaAlvarez_SantiagoPalacios_JulianParada_BrayanGarcia_Proyecto3Entrega/ProyectoBD/src/Spotideezer/BuscarCancionAgregarListaController.java</file>
            <file>file:/C:/Users/sala%20a/Downloads/Sustentacion%20Julian/MonicaAlvarez_SantiagoPalacios_JulianParada_BrayanGarcia_Proyecto3Entrega/ProyectoBD/src/Entidades/CancionAux.java</file>
            <file>file:/C:/Users/sala%20a/Downloads/Sustentacion%20Julian/MonicaAlvarez_SantiagoPalacios_JulianParada_BrayanGarcia_Proyecto3Entrega/ProyectoBD/src/Facades/FacadeAgregar.java</file>
            <file>file:/C:/Users/sala%20a/Downloads/Sustentacion%20Julian/MonicaAlvarez_SantiagoPalacios_JulianParada_BrayanGarcia_Proyecto3Entrega/ProyectoBD/src/Spotideezer/ModificarListaController.java</file>
        </group>
    </open-files>
</project-private>
